--电梯相关数据初始化
DELETE FROM company;
--安装单位
INSERT INTO company(id,type,address,name,contact,phone,mobile) VALUES ('company-67f61987-9d2e-4c2a-be7c-09957140d0000',10,'江西省鹰潭市三号路','鹰潭韵都电梯有限公司','冯波光','0512-7829178','13975525444');
INSERT INTO company(id,type,address,name,contact,phone,mobile) VALUES ('company-67f61987-9d2e-4c2a-be7c-09957140d0001',10,'黑龙江省大兴安岭地区七号路','大兴安岭迅泰楼宇设备有限公司','秦安和','0512-7829131','18825576193');
INSERT INTO company(id,type,address,name,contact,phone,mobile) VALUES ('company-67f61987-9d2e-4c2a-be7c-09957140d0002',10,'安徽省芜湖市三号路','安徽富通达机电设备有限公司','华安晏','0512-7829796','18557700897');
INSERT INTO company(id,type,address,name,contact,phone,mobile) VALUES ('company-67f61987-9d2e-4c2a-be7c-09957140d0003',10,'福建省福州市六号路','福建华电电梯工程有限责任公司','周安福','0512-7829485','18840356548');

--维保单位
INSERT INTO company(id,type,address,name,contact,phone,mobile) VALUES ('company-67f61987-9d2e-4c2a-be7c-09957140d0004',20,'安徽省蚌埠市三号路','安徽和诚电梯工程有限公司','王安顺','0512-7829370','13629727023');
INSERT INTO company(id,type,address,name,contact,phone,mobile) VALUES ('company-67f61987-9d2e-4c2a-be7c-09957140d0005',20,'安徽省蚌埠市六号路','安徽万禾电梯销售服务有限公司','李安福','0512-7829734','13647742259');
INSERT INTO company(id,type,address,name,contact,phone,mobile) VALUES ('company-67f61987-9d2e-4c2a-be7c-09957140d0006',20,'云南省文山壮族苗族自治州五号路','云南丰本电梯有限公司','郑学','0512-7829999','13910623734');
INSERT INTO company(id,type,address,name,contact,phone,mobile) VALUES ('company-67f61987-9d2e-4c2a-be7c-09957140d0007',20,'山东省泰安市五号路','山东国迅机电设备工程有限公司','李达','0512-7829140','13909936143');

-- 使用单位
INSERT INTO company(id,type,address,name,contact,phone,mobile) VALUES ('company-67f61987-9d2e-4c2a-be7c-09957140d0008',30,'江苏省泰州市','和诚公司1','王安顺','0512-7829370','13629727023');
INSERT INTO company(id,type,address,name,contact,phone,mobile) VALUES ('company-67f61987-9d2e-4c2a-be7c-09957140d0009',30,'江苏省泰州市','和诚公司2','王安顺','0512-7829370','13629727023');
INSERT INTO company(id,type,address,name,contact,phone,mobile) VALUES ('company-67f61987-9d2e-4c2a-be7c-09957140d0010',30,'江苏省泰州市','和诚公司3','王安顺','0512-7829370','13629727023');
INSERT INTO company(id,type,address,name,contact,phone,mobile) VALUES ('company-67f61987-9d2e-4c2a-be7c-09957140d0011',30,'江苏省泰州市','和诚公司4','王安顺','0512-7829370','13629727023');

-- 制造单位
INSERT INTO company(id,type,address,name,contact,phone,mobile) VALUES ('company-67f61987-9d2e-4c2a-be7c-09957140d0012',40,'江苏省泰州市','制造公司1','王安顺','0512-7829370','13629727023');
INSERT INTO company(id,type,address,name,contact,phone,mobile) VALUES ('company-67f61987-9d2e-4c2a-be7c-09957140d0013',40,'江苏省泰州市','制造公司2','王安顺','0512-7829370','13629727023');
INSERT INTO company(id,type,address,name,contact,phone,mobile) VALUES ('company-67f61987-9d2e-4c2a-be7c-09957140d0014',40,'江苏省泰州市','制造公司3','王安顺','0512-7829370','13629727023');
INSERT INTO company(id,type,address,name,contact,phone,mobile) VALUES ('company-67f61987-9d2e-4c2a-be7c-09957140d0015',40,'江苏省泰州市','制造公司4','王安顺','0512-7829370','13629727023');

delete FROM  UPKEEP_CONTRACT ;

-- INSERT INTO UPKEEP_CONTRACT (ID ,CREATED_BY ,CREATED_DATE ,LAST_MODIFIED_DATE ,LAST_MODIFY_BY ,BEGIN_DATE ,DURATION ,END_DATE ,NUMBER ,OWNER_FULLNAME ,OWNER_SHORTNAME ,PAYMENT_TERM ,PROPERTY ,RECEIVABLE_VALUE ,RENEW_STATUS ,SOURCE ,STATUS ,USER_COMPANY_ID ,VALUE,avg_value ) VALUES('contract67f61987-9d2e-4c2a-be7c-09957140d00001',null,null,null,null,CURRENT_DATE,0.0,'2017-04-20','C000A001',NULL,NULL,null,'新签',0.1,null,null,null,'company-67f61987-9d2e-4c2a-be7c-09957140d0008',1.0,0.0);
-- INSERT INTO UPKEEP_CONTRACT (ID ,CREATED_BY ,CREATED_DATE ,LAST_MODIFIED_DATE ,LAST_MODIFY_BY ,BEGIN_DATE ,DURATION ,END_DATE ,NUMBER ,OWNER_FULLNAME ,OWNER_SHORTNAME ,PAYMENT_TERM ,PROPERTY ,RECEIVABLE_VALUE ,RENEW_STATUS ,SOURCE ,STATUS ,USER_COMPANY_ID ,VALUE,avg_value,single_value) VALUES('contract67f61987-9d2e-4c2a-be7c-09957140d00002',null,null,null,null,CURRENT_DATE,0.0,'2017-04-20','C000A002',NULL,NULL,null,'新签',0.1,null,null,null,'company-67f61987-9d2e-4c2a-be7c-09957140d0008',1.0,0.0,0.0);
-- INSERT INTO UPKEEP_CONTRACT (ID ,CREATED_BY ,CREATED_DATE ,LAST_MODIFIED_DATE ,LAST_MODIFY_BY ,BEGIN_DATE ,DURATION ,END_DATE ,NUMBER ,OWNER_FULLNAME ,OWNER_SHORTNAME ,PAYMENT_TERM ,PROPERTY ,RECEIVABLE_VALUE ,RENEW_STATUS ,SOURCE ,STATUS ,USER_COMPANY_ID ,VALUE,avg_value,single_value) VALUES('contract67f61987-9d2e-4c2a-be7c-09957140d00003',null,null,null,null,CURRENT_DATE,0.0,'2017-04-20','C000A003',NULL,NULL,null,'新签',0.1,null,null,null,'company-67f61987-9d2e-4c2a-be7c-09957140d0009',1.0,0.0,0.0);
-- INSERT INTO UPKEEP_CONTRACT (ID ,CREATED_BY ,CREATED_DATE ,LAST_MODIFIED_DATE ,LAST_MODIFY_BY ,BEGIN_DATE ,DURATION ,END_DATE ,NUMBER ,OWNER_FULLNAME ,OWNER_SHORTNAME ,PAYMENT_TERM ,PROPERTY ,RECEIVABLE_VALUE ,RENEW_STATUS ,SOURCE ,STATUS ,USER_COMPANY_ID ,VALUE,avg_value,single_value) VALUES('contract67f61987-9d2e-4c2a-be7c-09957140d00004',null,null,null,null,CURRENT_DATE,0.0,'2017-04-20','C000A004',NULL,NULL,null,'新签',0.1,null,null,null,'company-67f61987-9d2e-4c2a-be7c-09957140d0009',1.0,0.0,0.0);
-- INSERT INTO UPKEEP_CONTRACT (ID ,CREATED_BY ,CREATED_DATE ,LAST_MODIFIED_DATE ,LAST_MODIFY_BY ,BEGIN_DATE ,DURATION ,END_DATE ,NUMBER ,OWNER_FULLNAME ,OWNER_SHORTNAME ,PAYMENT_TERM ,PROPERTY ,RECEIVABLE_VALUE ,RENEW_STATUS ,SOURCE ,STATUS ,USER_COMPANY_ID ,VALUE,avg_value,single_value) VALUES('contract67f61987-9d2e-4c2a-be7c-09957140d00005',null,null,null,null,CURRENT_DATE,0.0,'2017-04-20','C000A005',NULL,NULL,null,null,0.1,null,null,null,'company-67f61987-9d2e-4c2a-be7c-09957140d0010',1.0,0.0,0.0);
-- INSERT INTO UPKEEP_CONTRACT (ID ,CREATED_BY ,CREATED_DATE ,LAST_MODIFIED_DATE ,LAST_MODIFY_BY ,BEGIN_DATE ,DURATION ,END_DATE ,NUMBER ,OWNER_FULLNAME ,OWNER_SHORTNAME ,PAYMENT_TERM ,PROPERTY ,RECEIVABLE_VALUE ,RENEW_STATUS ,SOURCE ,STATUS ,USER_COMPANY_ID ,VALUE,avg_value,single_value) VALUES('contract67f61987-9d2e-4c2a-be7c-09957140d00006',null,null,null,null,CURRENT_DATE,0.0,'2017-04-20','C000A006',NULL,NULL,null,null,0.1,null,null,null,'company-67f61987-9d2e-4c2a-be7c-09957140d0010',1.0,0.0,0.0);
-- INSERT INTO UPKEEP_CONTRACT (ID ,CREATED_BY ,CREATED_DATE ,LAST_MODIFIED_DATE ,LAST_MODIFY_BY ,BEGIN_DATE ,DURATION ,END_DATE ,NUMBER ,OWNER_FULLNAME ,OWNER_SHORTNAME ,PAYMENT_TERM ,PROPERTY ,RECEIVABLE_VALUE ,RENEW_STATUS ,SOURCE ,STATUS ,USER_COMPANY_ID ,VALUE,avg_value,single_value) VALUES('contract67f61987-9d2e-4c2a-be7c-09957140d00007',null,null,null,null,CURRENT_DATE,0.0,'2017-04-20','C000A007',NULL,NULL,null,null,0.1,null,null,null,'company-67f61987-9d2e-4c2a-be7c-09957140d0011',1.0,0.0,0.0);
-- INSERT INTO UPKEEP_CONTRACT (ID ,CREATED_BY ,CREATED_DATE ,LAST_MODIFIED_DATE ,LAST_MODIFY_BY ,BEGIN_DATE ,DURATION ,END_DATE ,NUMBER ,OWNER_FULLNAME ,OWNER_SHORTNAME ,PAYMENT_TERM ,PROPERTY ,RECEIVABLE_VALUE ,RENEW_STATUS ,SOURCE ,STATUS ,USER_COMPANY_ID ,VALUE,avg_value,single_value) VALUES('contract67f61987-9d2e-4c2a-be7c-09957140d00008',null,null,null,null,CURRENT_DATE,0.0,'2017-04-20','C000A008',NULL,NULL,null,null,0.1,null,null,null,'company-67f61987-9d2e-4c2a-be7c-09957140d0011',1.0,0.0,0.0);
-- INSERT INTO UPKEEP_CONTRACT (ID ,CREATED_BY ,CREATED_DATE ,LAST_MODIFIED_DATE ,LAST_MODIFY_BY ,BEGIN_DATE ,DURATION ,END_DATE ,NUMBER ,OWNER_FULLNAME ,OWNER_SHORTNAME ,PAYMENT_TERM ,PROPERTY ,RECEIVABLE_VALUE ,RENEW_STATUS ,SOURCE ,STATUS ,USER_COMPANY_ID ,VALUE,avg_value,single_value) VALUES('contract67f61987-9d2e-4c2a-be7c-09957140d00009',null,null,null,null,CURRENT_DATE,0.0,'2017-04-20','C000A009',NULL,NULL,null,null,0.1,null,null,null,'company-67f61987-9d2e-4c2a-be7c-09957140d0009',1.0,0.0,0.0);
--
-- delete from elevator_brand;

INSERT INTO ELEVATOR_BRAND (ID ,CREATED_BY ,CREATED_DATE ,LAST_MODIFIED_DATE ,LAST_MODIFY_BY ,NAME ,NUMBER ) VALUES ('brand67f61987-9d2e-4c2a-be7c-09957140d00002' ,'Hello',null,null,null,'通力','TL000A2') ;
INSERT INTO ELEVATOR_BRAND (ID ,CREATED_BY ,CREATED_DATE ,LAST_MODIFIED_DATE ,LAST_MODIFY_BY ,NAME ,NUMBER ) VALUES ('brand67f61987-9d2e-4c2a-be7c-09957140d00011' ,'Hello',null,null,null,'三菱','TL000B1') ;
INSERT INTO ELEVATOR_BRAND (ID ,CREATED_BY ,CREATED_DATE ,LAST_MODIFIED_DATE ,LAST_MODIFY_BY ,NAME ,NUMBER ) VALUES ('brand67f61987-9d2e-4c2a-be7c-09957140d00015' ,'Hello',null,null,null,'巨立','TL000B5') ;

delete from ELEVATOR;
insert into ELEVATOR(id,number,address,controller_type,province_id,alias,reg_code,BRAND_ID ,floor,lng,lat,status,maintenance_status,INSTALL_COMPANY_ID,MAINTAINER_ID,MANUFACTURER_ID,USER_COMPANY_ID) values ('elevator-0ec6347b-81be-459e-8390-384cbfdf6ffc','BH0001','江苏省苏州市工业园区创意产业园5栋','控制器A','320000','创意电梯A001','DKJFOAIJF88888','brand67f61987-9d2e-4c2a-be7c-09957140d00002','12','120.582749','31.315379',10,20,'company-67f61987-9d2e-4c2a-be7c-09957140d0000','company-67f61987-9d2e-4c2a-be7c-09957140d0005','company-67f61987-9d2e-4c2a-be7c-09957140d0015','company-67f61987-9d2e-4c2a-be7c-09957140d0008');
insert into ELEVATOR(id,number,address,controller_type,province_id,alias,reg_code,BRAND_ID ,floor,lng,lat,status,INSTALL_COMPANY_ID,MAINTAINER_ID,MANUFACTURER_ID,USER_COMPANY_ID) values ('elevator-0ec6347b-81be-459e-8390-384cbfdf6ffe','BH0005','江苏省苏州市工业园区圆融星座','控制器A','320000','创意电梯A021','DKJFOAIJF88888','brand67f61987-9d2e-4c2a-be7c-09957140d00002','12','120.720299','31.324649',20,'company-67f61987-9d2e-4c2a-be7c-09957140d0001','company-67f61987-9d2e-4c2a-be7c-09957140d0005','company-67f61987-9d2e-4c2a-be7c-09957140d0014','company-67f61987-9d2e-4c2a-be7c-09957140d0008');
insert into ELEVATOR(id,number,address,controller_type,province_id,alias,reg_code,BRAND_ID ,floor,lng,lat,status,INSTALL_COMPANY_ID,MAINTAINER_ID,MANUFACTURER_ID,USER_COMPANY_ID) values ('elevator-0ec6347b-81be-459e-8390-384cbfdf6ffd','BH0002','江苏省常州市常州工学院115栋','控制器AA','320000','创意电梯A001','DKJFOAIJF88888','brand67f61987-9d2e-4c2a-be7c-09957140d00002','12','120.008888','31.8136',20,'company-67f61987-9d2e-4c2a-be7c-09957140d0001','company-67f61987-9d2e-4c2a-be7c-09957140d0004','company-67f61987-9d2e-4c2a-be7c-09957140d0014','company-67f61987-9d2e-4c2a-be7c-09957140d0009');
insert into ELEVATOR(id,number,address,controller_type,province_id,alias,reg_code,BRAND_ID ,floor,lng,lat,status,INSTALL_COMPANY_ID,MAINTAINER_ID,MANUFACTURER_ID,USER_COMPANY_ID) values ('elevator-5fb5d9ee-bbce-4495-b6b0-352a6e5514c5','BH0003','北京市故宫博物院','控制器A','110000','创意电梯A002','DKJFOAIJF88889','brand67f61987-9d2e-4c2a-be7c-09957140d00011','12','116.394582','39.916105',20,'company-67f61987-9d2e-4c2a-be7c-09957140d0002','company-67f61987-9d2e-4c2a-be7c-09957140d0006','company-67f61987-9d2e-4c2a-be7c-09957140d0013','company-67f61987-9d2e-4c2a-be7c-09957140d0009');
insert into ELEVATOR(id,number,address,controller_type,province_id,alias,reg_code,BRAND_ID ,floor,lng,lat,status,INSTALL_COMPANY_ID,MAINTAINER_ID,MANUFACTURER_ID,USER_COMPANY_ID) values ('elevator-05fce1a6-62e5-4cfc-8171-79026653bb6b','BH0004','新疆地区A区','控制器A','650000','创意电梯A004','DKJFOAIJF88889','brand67f61987-9d2e-4c2a-be7c-09957140d00011','12','87.467998','43.77281',20,'company-67f61987-9d2e-4c2a-be7c-09957140d0003','company-67f61987-9d2e-4c2a-be7c-09957140d0007','company-67f61987-9d2e-4c2a-be7c-09957140d0013','company-67f61987-9d2e-4c2a-be7c-09957140d0010');
insert into ELEVATOR(id,number,address,controller_type,province_id,alias,reg_code,BRAND_ID ,floor,lng,lat,status,INSTALL_COMPANY_ID,MAINTAINER_ID,MANUFACTURER_ID,USER_COMPANY_ID) values ('elevator-0ec6347b-81be-459e-8390-384cbfdf6fff','BH0006','江苏省苏州市工业园区创意产业园5栋','控制器A','320000','创意电梯A001','DKJFOAIJF88888','brand67f61987-9d2e-4c2a-be7c-09957140d00011','12','120.682749','31.325379',20,'company-67f61987-9d2e-4c2a-be7c-09957140d0003','company-67f61987-9d2e-4c2a-be7c-09957140d0007','company-67f61987-9d2e-4c2a-be7c-09957140d0012','company-67f61987-9d2e-4c2a-be7c-09957140d0010');
insert into ELEVATOR(id,number,address,controller_type,province_id,alias,reg_code,BRAND_ID ,floor,lng,lat,status,INSTALL_COMPANY_ID,MAINTAINER_ID,MANUFACTURER_ID,USER_COMPANY_ID) values ('elevator-0ec6347b-81be-459e-8390-384cbfdf6ffg','BH0007','江苏省苏州市工业园区圆融星座','控制器A','320000','创意电梯A021','DKJFOAIJF88888','brand67f61987-9d2e-4c2a-be7c-09957140d00015','12','120.420299','31.264649',20,'company-67f61987-9d2e-4c2a-be7c-09957140d0002','company-67f61987-9d2e-4c2a-be7c-09957140d0006','company-67f61987-9d2e-4c2a-be7c-09957140d0012','company-67f61987-9d2e-4c2a-be7c-09957140d0011');
insert into ELEVATOR(id,number,address,controller_type,province_id,alias,reg_code,BRAND_ID ,floor,lng,lat,status,INSTALL_COMPANY_ID,MAINTAINER_ID,MANUFACTURER_ID,USER_COMPANY_ID) values ('elevator-0ec6347b-81be-459e-8390-384cbfdf6ffh','BH0008','江苏省常州市常州工学院115栋','控制器AA','320000','创意电梯A001','DKJFOAIJF88888','brand67f61987-9d2e-4c2a-be7c-09957140d00015','12','120.078888','31.2836',10,'company-67f61987-9d2e-4c2a-be7c-09957140d0001','company-67f61987-9d2e-4c2a-be7c-09957140d0005','company-67f61987-9d2e-4c2a-be7c-09957140d0015','company-67f61987-9d2e-4c2a-be7c-09957140d0011');
insert into ELEVATOR(id,number,address,controller_type,province_id,alias,reg_code,BRAND_ID ,floor,lng,lat,status,fault_status,INSTALL_COMPANY_ID,MAINTAINER_ID,MANUFACTURER_ID,USER_COMPANY_ID) values ('elevator-5fb5d9ee-bbce-4495-b6b0-352a6e5514ci','BH0009','北京市故宫博物院','控制器A','110000','创意电梯A002','DKJFOAIJF88889','brand67f61987-9d2e-4c2a-be7c-09957140d00015','12','116.384582','39.866105',10,20,'company-67f61987-9d2e-4c2a-be7c-09957140d0002','company-67f61987-9d2e-4c2a-be7c-09957140d0004','company-67f61987-9d2e-4c2a-be7c-09957140d0015','company-67f61987-9d2e-4c2a-be7c-09957140d0009');


-- 楼盘
DELETE FROM premise;
INSERT INTO premise(id,name,address,lat,lng,maintainer_id)VALUES ('premise67f61987-9d2e-4c2a-be7c-09957140d00001','城际风尚花园1','江苏省昆山市巴城镇新城路君子亭路交汇处','31.391029','121.33892','company-67f61987-9d2e-4c2a-be7c-09957140d0004');
INSERT INTO premise(id,name,address,lat,lng,maintainer_id)VALUES ('premise67f61987-9d2e-4c2a-be7c-09957140d00002','城际风尚花园2','江苏省昆山市巴城镇新城路君子亭路交汇处','31.391029','121.33892','company-67f61987-9d2e-4c2a-be7c-09957140d0005');
INSERT INTO premise(id,name,address,lat,lng,maintainer_id)VALUES ('premise67f61987-9d2e-4c2a-be7c-09957140d00003','世纪花园1','江苏省苏州市工业园区','29.96','121.125','company-67f61987-9d2e-4c2a-be7c-09957140d0006');
INSERT INTO premise(id,name,address,lat,lng,maintainer_id)VALUES ('premise67f61987-9d2e-4c2a-be7c-09957140d00005','世纪花园2','江苏省苏州市工业园区','29.96','121.125','company-67f61987-9d2e-4c2a-be7c-09957140d0007');


delete from MAINTENANCE_PERSONNEL;

INSERT INTO MAINTENANCE_PERSONNEL (ID ,CREATED_BY ,CREATED_DATE ,LAST_MODIFIED_DATE ,LAST_MODIFY_BY ,CURRENT_STATE ,LAT ,LNG ,NAME ,NUMBER ,PASSWORD,PICTURE ,TELEPHONE ,CURRENT_BILL_ID ,MAINTAINER_ID ,MAINTENANCE_LOGIN_RECORD_ID) values ('person67f61987-9d2e-4c2a-be7c-09957140d00001',null,null,null,null,30,31.315226,120.582744,'张三1','000A01','e10adc3949ba59abbe56e057f20f883e',null,'13179631955',NULL,'company-67f61987-9d2e-4c2a-be7c-09957140d0004',NULL );
INSERT INTO MAINTENANCE_PERSONNEL (ID ,CREATED_BY ,CREATED_DATE ,LAST_MODIFIED_DATE ,LAST_MODIFY_BY ,CURRENT_STATE ,LAT ,LNG ,NAME ,NUMBER ,PASSWORD,PICTURE ,TELEPHONE ,CURRENT_BILL_ID ,MAINTAINER_ID ,MAINTENANCE_LOGIN_RECORD_ID) values ('person67f61987-9d2e-4c2a-be7c-09957140d00002',null,null,null,null,20,31.314356,120.582724,'张三2','000A02','e10adc3949ba59abbe56e057f20f883e',null,'13179631955',NULL,'company-67f61987-9d2e-4c2a-be7c-09957140d0005',NULL );
INSERT INTO MAINTENANCE_PERSONNEL (ID ,CREATED_BY ,CREATED_DATE ,LAST_MODIFIED_DATE ,LAST_MODIFY_BY ,CURRENT_STATE ,LAT ,LNG ,NAME ,NUMBER ,PASSWORD,PICTURE ,TELEPHONE ,CURRENT_BILL_ID ,MAINTAINER_ID ,MAINTENANCE_LOGIN_RECORD_ID) values ('person67f61987-9d2e-4c2a-be7c-09957140d00003',null,null,null,null,10,31.311356,120.582444,'张三3','000A03','e10adc3949ba59abbe56e057f20f883e',null,'18970065896',NULL,'company-67f61987-9d2e-4c2a-be7c-09957140d0006',NULL);
INSERT INTO MAINTENANCE_PERSONNEL (ID ,CREATED_BY ,CREATED_DATE ,LAST_MODIFIED_DATE ,LAST_MODIFY_BY ,CURRENT_STATE ,LAT ,LNG ,NAME ,NUMBER ,PASSWORD,PICTURE ,TELEPHONE ,CURRENT_BILL_ID ,MAINTAINER_ID ,MAINTENANCE_LOGIN_RECORD_ID) values ('person67f61987-9d2e-4c2a-be7c-09957140d00004',null,null,null,null,10,31.315556,120.582644,'张三4','000A04','e10adc3949ba59abbe56e057f20f883e',null,'13179631955',NULL,'company-67f61987-9d2e-4c2a-be7c-09957140d0007',NULL);
INSERT INTO MAINTENANCE_PERSONNEL (ID ,CREATED_BY ,CREATED_DATE ,LAST_MODIFIED_DATE ,LAST_MODIFY_BY ,CURRENT_STATE ,LAT ,LNG ,NAME ,NUMBER ,PASSWORD,PICTURE ,TELEPHONE ,CURRENT_BILL_ID ,MAINTAINER_ID ,MAINTENANCE_LOGIN_RECORD_ID) values ('person67f61987-9d2e-4c2a-be7c-09957140d00005',null,null,null,null,10,1.01,1.01,'张三5','000A05','e10adc3949ba59abbe56e057f20f883e',null,'13179631955',NULL,'company-67f61987-9d2e-4c2a-be7c-09957140d0004',NULL);
INSERT INTO MAINTENANCE_PERSONNEL (ID ,CREATED_BY ,CREATED_DATE ,LAST_MODIFIED_DATE ,LAST_MODIFY_BY ,CURRENT_STATE ,LAT ,LNG ,NAME ,NUMBER ,PASSWORD,PICTURE ,TELEPHONE ,CURRENT_BILL_ID ,MAINTAINER_ID ,MAINTENANCE_LOGIN_RECORD_ID) values ('person67f61987-9d2e-4c2a-be7c-09957140d00006',null,null,null,null,10,1.01,1.01,'张三6','000A06','e10adc3949ba59abbe56e057f20f883e',null,'13179631955',NULL,'company-67f61987-9d2e-4c2a-be7c-09957140d0005',NULL);
INSERT INTO MAINTENANCE_PERSONNEL (ID ,CREATED_BY ,CREATED_DATE ,LAST_MODIFIED_DATE ,LAST_MODIFY_BY ,CURRENT_STATE ,LAT ,LNG ,NAME ,NUMBER ,PASSWORD,PICTURE ,TELEPHONE ,CURRENT_BILL_ID ,MAINTAINER_ID ,MAINTENANCE_LOGIN_RECORD_ID) values ('person67f61987-9d2e-4c2a-be7c-09957140d00007',null,null,null,null,10,1.01,1.01,'张三7','000A07','e10adc3949ba59abbe56e057f20f883e',null,'13179631955',NULL,'company-67f61987-9d2e-4c2a-be7c-09957140d0006',NULL);
INSERT INTO MAINTENANCE_PERSONNEL (ID ,CREATED_BY ,CREATED_DATE ,LAST_MODIFIED_DATE ,LAST_MODIFY_BY ,CURRENT_STATE ,LAT ,LNG ,NAME ,NUMBER ,PASSWORD,PICTURE ,TELEPHONE ,CURRENT_BILL_ID ,MAINTAINER_ID ,MAINTENANCE_LOGIN_RECORD_ID) values ('person67f61987-9d2e-4c2a-be7c-09957140d00008',null,null,null,null,10,1.01,1.01,'张三8','000A08','e10adc3949ba59abbe56e057f20f883e',null,'13179631955',NULL,'company-67f61987-9d2e-4c2a-be7c-09957140d0007',NULL);
INSERT INTO MAINTENANCE_PERSONNEL (ID ,CREATED_BY ,CREATED_DATE ,LAST_MODIFIED_DATE ,LAST_MODIFY_BY ,CURRENT_STATE ,LAT ,LNG ,NAME ,NUMBER ,PASSWORD,PICTURE ,TELEPHONE ,CURRENT_BILL_ID ,MAINTAINER_ID ,MAINTENANCE_LOGIN_RECORD_ID) values ('person67f61987-9d2e-4c2a-be7c-09957140d00009',null,null,null,null,10,1.01,1.01,'张三9','000A09','e10adc3949ba59abbe56e057f20f883e',null,'13179631955',NULL,'company-67f61987-9d2e-4c2a-be7c-09957140d0007',NULL);
-- INSERT INTO UPKEEP_CONTRACT (ID ,CREATED_BY ,CREATED_DATE ,LAST_MODIFIED_DATE ,LAST_MODIFY_BY ,BEGIN_DATE ,DURATION ,END_DATE ,NUMBER ,OWNER_FULLNAME ,OWNER_SHORTNAME ,PAYMENT_TERM ,PROPERTY ,RECEIVABLE_VALUE ,RENEW_STATUS ,SOURCE ,STATUS ,USER_COMPANY_ID ,VALUE ) VALUES('contract67f61987-9d2e-4c2a-be7c-09957140d00010',null,null,null,null,null,null,null,'C000A010',NULL,NULL,null,null,0.1,null,null,null,'company-67f61987-9d2e-4c2a-be7c-09957140d0008',1.0);


delete from WORK_BILLS;
--维修工单
INSERT INTO WORK_BILLS (ID ,CREATED_BY ,CREATED_DATE ,LAST_MODIFIED_DATE,LAST_MODIFY_BY ,BILL_CATEGORY ,BILL_NUMBER ,BILLSTATUS ,BILL_MODEL ,COMPLETE_TIME ,ENTER_TIME, FAULT_DESCRIPTION,FAULT_PERSON ,FAULT_PERSON_TELEPHONE ,FAULT_QUALITY ,LOCAL_DESCRIPTION ,MAINTAIN_NAME ,MAINTAIN_PROGRAMS ,MAINTAIN_PROPERTY ,PICTURE1 ,PICTURE2 ,PICTURE3 ,PICTURE4 ,PICTURE5 ,REFUSE_REASON ,RESULT ,SERVICE_IN ,START_TIME ,TAKE_STEPS ,TELEPHONE ,ELEVATOR_ID ,MAINTENANCE_PERSONNEL_ID,AFTERBILL_ID )VALUES('bill-67f61987-9d2e-4c2a-be7c-09957140d0001',null,null,null,null,10,'wx000001',10,50,null,null,null,'张三','13186824521',null,null,null,null,null,null,null,null,null,null,null,null,'服务处理与',null,null,'0523-3879561','elevator-0ec6347b-81be-459e-8390-384cbfdf6ffc','person67f61987-9d2e-4c2a-be7c-09957140d00001',null);
INSERT INTO WORK_BILLS (ID ,CREATED_BY ,CREATED_DATE ,LAST_MODIFIED_DATE,LAST_MODIFY_BY ,BILL_CATEGORY ,BILL_NUMBER ,BILLSTATUS ,BILL_MODEL ,COMPLETE_TIME ,ENTER_TIME, FAULT_DESCRIPTION,FAULT_PERSON ,FAULT_PERSON_TELEPHONE ,FAULT_QUALITY ,LOCAL_DESCRIPTION ,MAINTAIN_NAME ,MAINTAIN_PROGRAMS ,MAINTAIN_PROPERTY ,PICTURE1 ,PICTURE2 ,PICTURE3 ,PICTURE4 ,PICTURE5 ,REFUSE_REASON ,RESULT ,SERVICE_IN ,START_TIME ,TAKE_STEPS ,TELEPHONE ,ELEVATOR_ID ,MAINTENANCE_PERSONNEL_ID,AFTERBILL_ID  )VALUES('bill-67f61987-9d2e-4c2a-be7c-09957140d0002',null,null,null,null,10,'wx000003',20,50,null,null,null,'张三','13186824521',null,null,null,null,null,null,null,null,null,null,null,null,'服务处理与',null,null,'0523-3879561','elevator-0ec6347b-81be-459e-8390-384cbfdf6ffc','person67f61987-9d2e-4c2a-be7c-09957140d00001',null);
INSERT INTO WORK_BILLS (ID ,CREATED_BY ,CREATED_DATE ,LAST_MODIFIED_DATE,LAST_MODIFY_BY ,BILL_CATEGORY ,BILL_NUMBER ,BILLSTATUS ,BILL_MODEL ,COMPLETE_TIME ,ENTER_TIME, FAULT_DESCRIPTION,FAULT_PERSON ,FAULT_PERSON_TELEPHONE ,FAULT_QUALITY ,LOCAL_DESCRIPTION ,MAINTAIN_NAME ,MAINTAIN_PROGRAMS ,MAINTAIN_PROPERTY ,PICTURE1 ,PICTURE2 ,PICTURE3 ,PICTURE4 ,PICTURE5 ,REFUSE_REASON ,RESULT ,SERVICE_IN ,START_TIME ,TAKE_STEPS ,TELEPHONE ,ELEVATOR_ID ,MAINTENANCE_PERSONNEL_ID,AFTERBILL_ID )VALUES('bill-67f61987-9d2e-4c2a-be7c-09957140d0003',null,null,null,null,10,'wx000003',30,50,null,null,null,'张三','13186824521',null,null,null,null,null,null,null,null,null,null,null,null,'服务处理与',null,null,'0523-3879561','elevator-0ec6347b-81be-459e-8390-384cbfdf6ffc','person67f61987-9d2e-4c2a-be7c-09957140d00001',null);
INSERT INTO WORK_BILLS (ID ,CREATED_BY ,CREATED_DATE ,LAST_MODIFIED_DATE,LAST_MODIFY_BY ,BILL_CATEGORY ,BILL_NUMBER ,BILLSTATUS ,BILL_MODEL ,COMPLETE_TIME ,ENTER_TIME, FAULT_DESCRIPTION,FAULT_PERSON ,FAULT_PERSON_TELEPHONE ,FAULT_QUALITY ,LOCAL_DESCRIPTION ,MAINTAIN_NAME ,MAINTAIN_PROGRAMS ,MAINTAIN_PROPERTY ,PICTURE1 ,PICTURE2 ,PICTURE3 ,PICTURE4 ,PICTURE5 ,REFUSE_REASON ,RESULT ,SERVICE_IN ,START_TIME ,TAKE_STEPS ,TELEPHONE ,ELEVATOR_ID ,MAINTENANCE_PERSONNEL_ID,AFTERBILL_ID )VALUES('bill-67f61987-9d2e-4c2a-be7c-09957140d0004',null,null,null,null,10,'wx000004',40,50,null,null,null,'张三','13186824521',null,null,null,null,null,null,null,null,null,null,'拒绝原因',null,'服务处理与',null,null,'0523-3879561','elevator-0ec6347b-81be-459e-8390-384cbfdf6ffc','person67f61987-9d2e-4c2a-be7c-09957140d00001',null);
INSERT INTO WORK_BILLS (ID ,CREATED_BY ,CREATED_DATE ,LAST_MODIFIED_DATE,LAST_MODIFY_BY ,BILL_CATEGORY ,BILL_NUMBER ,BILLSTATUS ,BILL_MODEL ,COMPLETE_TIME ,ENTER_TIME, FAULT_DESCRIPTION,FAULT_PERSON ,FAULT_PERSON_TELEPHONE ,FAULT_QUALITY ,LOCAL_DESCRIPTION ,MAINTAIN_NAME ,MAINTAIN_PROGRAMS ,MAINTAIN_PROPERTY ,PICTURE1 ,PICTURE2 ,PICTURE3 ,PICTURE4 ,PICTURE5 ,REFUSE_REASON ,RESULT ,SERVICE_IN ,START_TIME ,TAKE_STEPS ,TELEPHONE ,ELEVATOR_ID ,MAINTENANCE_PERSONNEL_ID,AFTERBILL_ID  )VALUES('bill-67f61987-9d2e-4c2a-be7c-09957140d0005',null,null,null,null,10,'wx000005',10,50,null,null,null,'张三','13186824521','故障性质','现场描述',null,null,null,null,null,null,null,null,null,'处理结果','服务处理与',null,'采取措施','0523-3879561','elevator-0ec6347b-81be-459e-8390-384cbfdf6ffc','person67f61987-9d2e-4c2a-be7c-09957140d00001',null);
INSERT INTO WORK_BILLS (ID ,CREATED_BY ,CREATED_DATE ,LAST_MODIFIED_DATE,LAST_MODIFY_BY ,BILL_CATEGORY ,BILL_NUMBER ,BILLSTATUS ,BILL_MODEL ,COMPLETE_TIME ,ENTER_TIME, FAULT_DESCRIPTION,FAULT_PERSON ,FAULT_PERSON_TELEPHONE ,FAULT_QUALITY ,LOCAL_DESCRIPTION ,MAINTAIN_NAME ,MAINTAIN_PROGRAMS ,MAINTAIN_PROPERTY ,PICTURE1 ,PICTURE2 ,PICTURE3 ,PICTURE4 ,PICTURE5 ,REFUSE_REASON ,RESULT ,SERVICE_IN ,START_TIME ,TAKE_STEPS ,TELEPHONE ,ELEVATOR_ID ,MAINTENANCE_PERSONNEL_ID,AFTERBILL_ID  )VALUES('bill-67f61987-9d2e-4c2a-be7c-09957140d0025',null,null,null,null,10,'wx000006',20,50,null,null,null,'张三','13186824521','故障性质','现场描述',null,null,null,null,null,null,null,null,null,'处理结果','服务处理与',null,'采取措施','0523-3879561','elevator-0ec6347b-81be-459e-8390-384cbfdf6ffc','person67f61987-9d2e-4c2a-be7c-09957140d00001',null);
INSERT INTO WORK_BILLS (ID ,CREATED_BY ,CREATED_DATE ,LAST_MODIFIED_DATE,LAST_MODIFY_BY ,BILL_CATEGORY ,BILL_NUMBER ,BILLSTATUS ,BILL_MODEL ,COMPLETE_TIME ,ENTER_TIME, FAULT_DESCRIPTION,FAULT_PERSON ,FAULT_PERSON_TELEPHONE ,FAULT_QUALITY ,LOCAL_DESCRIPTION ,MAINTAIN_NAME ,MAINTAIN_PROGRAMS ,MAINTAIN_PROPERTY ,PICTURE1 ,PICTURE2 ,PICTURE3 ,PICTURE4 ,PICTURE5 ,REFUSE_REASON ,RESULT ,SERVICE_IN ,START_TIME ,TAKE_STEPS ,TELEPHONE ,ELEVATOR_ID ,MAINTENANCE_PERSONNEL_ID,AFTERBILL_ID  )VALUES('bill-67f61987-9d2e-4c2a-be7c-09957140d0026',null,null,null,null,10,'wx000007',30,50,null,null,null,'张三','13186824521','故障性质','现场描述',null,null,null,null,null,null,null,null,null,'处理结果','服务处理与',null,'采取措施','0523-3879561','elevator-0ec6347b-81be-459e-8390-384cbfdf6ffc','person67f61987-9d2e-4c2a-be7c-09957140d00001',null);
INSERT INTO WORK_BILLS (ID ,CREATED_BY ,CREATED_DATE ,LAST_MODIFIED_DATE,LAST_MODIFY_BY ,BILL_CATEGORY ,BILL_NUMBER ,BILLSTATUS ,BILL_MODEL ,COMPLETE_TIME ,ENTER_TIME, FAULT_DESCRIPTION,FAULT_PERSON ,FAULT_PERSON_TELEPHONE ,FAULT_QUALITY ,LOCAL_DESCRIPTION ,MAINTAIN_NAME ,MAINTAIN_PROGRAMS ,MAINTAIN_PROPERTY ,PICTURE1 ,PICTURE2 ,PICTURE3 ,PICTURE4 ,PICTURE5 ,REFUSE_REASON ,RESULT ,SERVICE_IN ,START_TIME ,TAKE_STEPS ,TELEPHONE ,ELEVATOR_ID ,MAINTENANCE_PERSONNEL_ID,AFTERBILL_ID  )VALUES('bill-67f61987-9d2e-4c2a-be7c-09957140d0027',null,null,null,null,10,'wx000008',50,50,null,null,null,'张三','13186824521','故障性质','现场描述',null,null,null,null,null,null,null,null,null,'处理结果','服务处理与',null,'采取措施','0523-3879561','elevator-0ec6347b-81be-459e-8390-384cbfdf6ffc','person67f61987-9d2e-4c2a-be7c-09957140d00001',null);
INSERT INTO WORK_BILLS (ID ,CREATED_BY ,CREATED_DATE ,LAST_MODIFIED_DATE,LAST_MODIFY_BY ,BILL_CATEGORY ,BILL_NUMBER ,BILLSTATUS ,BILL_MODEL ,COMPLETE_TIME ,ENTER_TIME, FAULT_DESCRIPTION,FAULT_PERSON ,FAULT_PERSON_TELEPHONE ,FAULT_QUALITY ,LOCAL_DESCRIPTION ,MAINTAIN_NAME ,MAINTAIN_PROGRAMS ,MAINTAIN_PROPERTY ,PICTURE1 ,PICTURE2 ,PICTURE3 ,PICTURE4 ,PICTURE5 ,REFUSE_REASON ,RESULT ,SERVICE_IN ,START_TIME ,TAKE_STEPS ,TELEPHONE ,ELEVATOR_ID ,MAINTENANCE_PERSONNEL_ID,AFTERBILL_ID  )VALUES('bill-67f61987-9d2e-4c2a-be7c-09957140d0028',null,null,null,null,10,'wx000009',20,50,null,null,null,'张三','13186824521','故障性质','现场描述',null,null,null,null,null,null,null,null,null,'处理结果','服务处理与',null,'采取措施','0523-3879561','elevator-0ec6347b-81be-459e-8390-384cbfdf6ffc','person67f61987-9d2e-4c2a-be7c-09957140d00001',null);


INSERT INTO WORK_BILLS (ID ,CREATED_BY ,CREATED_DATE ,LAST_MODIFIED_DATE,LAST_MODIFY_BY ,BILL_CATEGORY ,BILL_NUMBER ,BILLSTATUS ,BILL_MODEL ,COMPLETE_TIME ,ENTER_TIME, FAULT_DESCRIPTION,FAULT_PERSON ,FAULT_PERSON_TELEPHONE ,FAULT_QUALITY ,LOCAL_DESCRIPTION ,MAINTAIN_NAME ,MAINTAIN_PROGRAMS ,MAINTAIN_PROPERTY ,PICTURE1 ,PICTURE2 ,PICTURE3 ,PICTURE4 ,PICTURE5 ,REFUSE_REASON ,RESULT ,SERVICE_IN ,START_TIME ,TAKE_STEPS ,TELEPHONE ,ELEVATOR_ID ,MAINTENANCE_PERSONNEL_ID,AFTERBILL_ID )VALUES('bill-67f61987-9d2e-4c2a-be7c-09957140d0006',null,null,null,null,20,'wb000001',10,0,null,null,null,'报障人员','联系电话','故障性质','现场描述',10,'保养项目',10,null,null,null,null,null,'拒绝原因',null,'服务处理与',null,null,null,'elevator-0ec6347b-81be-459e-8390-384cbfdf6ffc','person67f61987-9d2e-4c2a-be7c-09957140d00001',null);
INSERT INTO WORK_BILLS (ID ,CREATED_BY ,CREATED_DATE ,LAST_MODIFIED_DATE,LAST_MODIFY_BY ,BILL_CATEGORY ,BILL_NUMBER ,BILLSTATUS ,BILL_MODEL ,COMPLETE_TIME ,ENTER_TIME, FAULT_DESCRIPTION,FAULT_PERSON ,FAULT_PERSON_TELEPHONE ,FAULT_QUALITY ,LOCAL_DESCRIPTION ,MAINTAIN_NAME ,MAINTAIN_PROGRAMS ,MAINTAIN_PROPERTY ,PICTURE1 ,PICTURE2 ,PICTURE3 ,PICTURE4 ,PICTURE5 ,REFUSE_REASON ,RESULT ,SERVICE_IN ,START_TIME ,TAKE_STEPS ,TELEPHONE ,ELEVATOR_ID ,MAINTENANCE_PERSONNEL_ID,AFTERBILL_ID )VALUES('bill-67f61987-9d2e-4c2a-be7c-09957140d0007',null,null,null,null,20,'wb000002',20,10,null,null,null,'报障人员','联系电话','故障性质','现场描述',10,'保养项目',10,null,null,null,null,null,'拒绝原因',null,'服务处理与',null,null,null,'elevator-0ec6347b-81be-459e-8390-384cbfdf6ffc','person67f61987-9d2e-4c2a-be7c-09957140d00001',null);
INSERT INTO WORK_BILLS (ID ,CREATED_BY ,CREATED_DATE ,LAST_MODIFIED_DATE,LAST_MODIFY_BY ,BILL_CATEGORY ,BILL_NUMBER ,BILLSTATUS ,BILL_MODEL ,COMPLETE_TIME ,ENTER_TIME, FAULT_DESCRIPTION,FAULT_PERSON ,FAULT_PERSON_TELEPHONE ,FAULT_QUALITY ,LOCAL_DESCRIPTION ,MAINTAIN_NAME ,MAINTAIN_PROGRAMS ,MAINTAIN_PROPERTY ,PICTURE1 ,PICTURE2 ,PICTURE3 ,PICTURE4 ,PICTURE5 ,REFUSE_REASON ,RESULT ,SERVICE_IN ,START_TIME ,TAKE_STEPS ,TELEPHONE ,ELEVATOR_ID ,MAINTENANCE_PERSONNEL_ID,AFTERBILL_ID )VALUES('bill-67f61987-9d2e-4c2a-be7c-09957140d0008',null,null,null,null,20,'wb000003',30,20,null,null,null,'报障人员','联系电话','故障性质','现场描述',10,'保养项目',10,null,null,null,null,null,'拒绝原因',null,'服务处理与',null,null,null,'elevator-0ec6347b-81be-459e-8390-384cbfdf6ffc','person67f61987-9d2e-4c2a-be7c-09957140d00001',null);
INSERT INTO WORK_BILLS (ID ,CREATED_BY ,CREATED_DATE ,LAST_MODIFIED_DATE,LAST_MODIFY_BY ,BILL_CATEGORY ,BILL_NUMBER ,BILLSTATUS ,BILL_MODEL ,COMPLETE_TIME ,ENTER_TIME, FAULT_DESCRIPTION,FAULT_PERSON ,FAULT_PERSON_TELEPHONE ,FAULT_QUALITY ,LOCAL_DESCRIPTION ,MAINTAIN_NAME ,MAINTAIN_PROGRAMS ,MAINTAIN_PROPERTY ,PICTURE1 ,PICTURE2 ,PICTURE3 ,PICTURE4 ,PICTURE5 ,REFUSE_REASON ,RESULT ,SERVICE_IN ,START_TIME ,TAKE_STEPS ,TELEPHONE ,ELEVATOR_ID ,MAINTENANCE_PERSONNEL_ID,AFTERBILL_ID )VALUES('bill-67f61987-9d2e-4c2a-be7c-09957140d0009',null,null,null,null,20,'wb000004',40,30,null,null,null,'报障人员','联系电话','故障性质','现场描述',10,'保养项目',10,null,null,null,null,null,'拒绝原因',null,'服务处理与',null,null,null,'elevator-0ec6347b-81be-459e-8390-384cbfdf6ffc','person67f61987-9d2e-4c2a-be7c-09957140d00001',null);
INSERT INTO WORK_BILLS (ID ,CREATED_BY ,CREATED_DATE ,LAST_MODIFIED_DATE,LAST_MODIFY_BY ,BILL_CATEGORY ,BILL_NUMBER ,BILLSTATUS ,BILL_MODEL ,COMPLETE_TIME ,ENTER_TIME, FAULT_DESCRIPTION,FAULT_PERSON ,FAULT_PERSON_TELEPHONE ,FAULT_QUALITY ,LOCAL_DESCRIPTION ,MAINTAIN_NAME ,MAINTAIN_PROGRAMS ,MAINTAIN_PROPERTY ,PICTURE1 ,PICTURE2 ,PICTURE3 ,PICTURE4 ,PICTURE5 ,REFUSE_REASON ,RESULT ,SERVICE_IN ,START_TIME ,TAKE_STEPS ,TELEPHONE ,ELEVATOR_ID ,MAINTENANCE_PERSONNEL_ID,AFTERBILL_ID )VALUES('bill-67f61987-9d2e-4c2a-be7c-09957140d0010',null,null,null,null,20,'wb000005',50,0,null,null,null,'报障人员','联系电话','故障性质','现场描述',10,'保养项目',10,null,null,null,null,null,'拒绝原因',null,'服务处理与',null,null,null,'elevator-0ec6347b-81be-459e-8390-384cbfdf6ffc','person67f61987-9d2e-4c2a-be7c-09957140d00001',null);
INSERT INTO WORK_BILLS (ID ,CREATED_BY ,CREATED_DATE ,LAST_MODIFIED_DATE,LAST_MODIFY_BY ,BILL_CATEGORY ,BILL_NUMBER ,BILLSTATUS ,BILL_MODEL ,COMPLETE_TIME ,ENTER_TIME, FAULT_DESCRIPTION,FAULT_PERSON ,FAULT_PERSON_TELEPHONE ,FAULT_QUALITY ,LOCAL_DESCRIPTION ,MAINTAIN_NAME ,MAINTAIN_PROGRAMS ,MAINTAIN_PROPERTY ,PICTURE1 ,PICTURE2 ,PICTURE3 ,PICTURE4 ,PICTURE5 ,REFUSE_REASON ,RESULT ,SERVICE_IN ,START_TIME ,TAKE_STEPS ,TELEPHONE ,ELEVATOR_ID ,MAINTENANCE_PERSONNEL_ID,AFTERBILL_ID )VALUES('bill-67f61987-9d2e-4c2a-be7c-09957140d0021',null,null,null,null,20,'wb000006',20,0,null,null,null,'报障人员','联系电话','故障性质','现场描述',10,'保养项目',10,null,null,null,null,null,'拒绝原因',null,'服务处理与',null,null,null,'elevator-0ec6347b-81be-459e-8390-384cbfdf6ffc','person67f61987-9d2e-4c2a-be7c-09957140d00001',null);
INSERT INTO WORK_BILLS (ID ,CREATED_BY ,CREATED_DATE ,LAST_MODIFIED_DATE,LAST_MODIFY_BY ,BILL_CATEGORY ,BILL_NUMBER ,BILLSTATUS ,BILL_MODEL ,COMPLETE_TIME ,ENTER_TIME, FAULT_DESCRIPTION,FAULT_PERSON ,FAULT_PERSON_TELEPHONE ,FAULT_QUALITY ,LOCAL_DESCRIPTION ,MAINTAIN_NAME ,MAINTAIN_PROGRAMS ,MAINTAIN_PROPERTY ,PICTURE1 ,PICTURE2 ,PICTURE3 ,PICTURE4 ,PICTURE5 ,REFUSE_REASON ,RESULT ,SERVICE_IN ,START_TIME ,TAKE_STEPS ,TELEPHONE ,ELEVATOR_ID ,MAINTENANCE_PERSONNEL_ID,AFTERBILL_ID )VALUES('bill-67f61987-9d2e-4c2a-be7c-09957140d0022',null,null,null,null,20,'wb000007',30,0,null,null,null,'报障人员','联系电话','故障性质','现场描述',10,'保养项目',10,null,null,null,null,null,'拒绝原因',null,'服务处理与',null,null,null,'elevator-0ec6347b-81be-459e-8390-384cbfdf6ffc','person67f61987-9d2e-4c2a-be7c-09957140d00001',null);
INSERT INTO WORK_BILLS (ID ,CREATED_BY ,CREATED_DATE ,LAST_MODIFIED_DATE,LAST_MODIFY_BY ,BILL_CATEGORY ,BILL_NUMBER ,BILLSTATUS ,BILL_MODEL ,COMPLETE_TIME ,ENTER_TIME, FAULT_DESCRIPTION,FAULT_PERSON ,FAULT_PERSON_TELEPHONE ,FAULT_QUALITY ,LOCAL_DESCRIPTION ,MAINTAIN_NAME ,MAINTAIN_PROGRAMS ,MAINTAIN_PROPERTY ,PICTURE1 ,PICTURE2 ,PICTURE3 ,PICTURE4 ,PICTURE5 ,REFUSE_REASON ,RESULT ,SERVICE_IN ,START_TIME ,TAKE_STEPS ,TELEPHONE ,ELEVATOR_ID ,MAINTENANCE_PERSONNEL_ID,AFTERBILL_ID )VALUES('bill-67f61987-9d2e-4c2a-be7c-09957140d0023',null,null,null,null,20,'wb000008',40,0,null,null,null,'报障人员','联系电话','故障性质','现场描述',10,'保养项目',10,null,null,null,null,null,'拒绝原因',null,'服务处理与',null,null,null,'elevator-0ec6347b-81be-459e-8390-384cbfdf6ffc','person67f61987-9d2e-4c2a-be7c-09957140d00001',null);
INSERT INTO WORK_BILLS (ID ,CREATED_BY ,CREATED_DATE ,LAST_MODIFIED_DATE,LAST_MODIFY_BY ,BILL_CATEGORY ,BILL_NUMBER ,BILLSTATUS ,BILL_MODEL ,COMPLETE_TIME ,ENTER_TIME, FAULT_DESCRIPTION,FAULT_PERSON ,FAULT_PERSON_TELEPHONE ,FAULT_QUALITY ,LOCAL_DESCRIPTION ,MAINTAIN_NAME ,MAINTAIN_PROGRAMS ,MAINTAIN_PROPERTY ,PICTURE1 ,PICTURE2 ,PICTURE3 ,PICTURE4 ,PICTURE5 ,REFUSE_REASON ,RESULT ,SERVICE_IN ,START_TIME ,TAKE_STEPS ,TELEPHONE ,ELEVATOR_ID ,MAINTENANCE_PERSONNEL_ID,AFTERBILL_ID )VALUES('bill-67f61987-9d2e-4c2a-be7c-09957140d0024',null,null,null,null,20,'wb000009',50,0,null,null,null,'报障人员','联系电话','故障性质','现场描述',10,'保养项目',10,null,null,null,null,null,'拒绝原因',null,'服务处理与',null,null,null,'elevator-0ec6347b-81be-459e-8390-384cbfdf6ffc','person67f61987-9d2e-4c2a-be7c-09957140d00001',null);


INSERT INTO WORK_BILLS (ID ,CREATED_BY ,CREATED_DATE ,LAST_MODIFIED_DATE,LAST_MODIFY_BY ,BILL_CATEGORY ,BILL_NUMBER ,BILLSTATUS ,BILL_MODEL ,COMPLETE_TIME ,ENTER_TIME, FAULT_DESCRIPTION,FAULT_PERSON ,FAULT_PERSON_TELEPHONE ,FAULT_QUALITY ,LOCAL_DESCRIPTION ,MAINTAIN_NAME ,MAINTAIN_PROGRAMS ,MAINTAIN_PROPERTY ,PICTURE1 ,PICTURE2 ,PICTURE3 ,PICTURE4 ,PICTURE5 ,REFUSE_REASON ,RESULT ,SERVICE_IN ,START_TIME ,TAKE_STEPS ,TELEPHONE ,ELEVATOR_ID ,MAINTENANCE_PERSONNEL_ID,AFTERBILL_ID )VALUES('bill-67f61987-9d2e-4c2a-be7c-09957140d0011',null,null,null,null,30,'jx000001',10,40,null,null,null,'报障人员','联系电话','故障性质','现场描述',10,'保养项目',10,null,null,null,null,null,'拒绝原因',null,'服务处理与',null,null,null,'elevator-0ec6347b-81be-459e-8390-384cbfdf6ffc','person67f61987-9d2e-4c2a-be7c-09957140d00001',null);
INSERT INTO WORK_BILLS (ID ,CREATED_BY ,CREATED_DATE ,LAST_MODIFIED_DATE,LAST_MODIFY_BY ,BILL_CATEGORY ,BILL_NUMBER ,BILLSTATUS ,BILL_MODEL ,COMPLETE_TIME ,ENTER_TIME, FAULT_DESCRIPTION,FAULT_PERSON ,FAULT_PERSON_TELEPHONE ,FAULT_QUALITY ,LOCAL_DESCRIPTION ,MAINTAIN_NAME ,MAINTAIN_PROGRAMS ,MAINTAIN_PROPERTY ,PICTURE1 ,PICTURE2 ,PICTURE3 ,PICTURE4 ,PICTURE5 ,REFUSE_REASON ,RESULT ,SERVICE_IN ,START_TIME ,TAKE_STEPS ,TELEPHONE ,ELEVATOR_ID ,MAINTENANCE_PERSONNEL_ID,AFTERBILL_ID )VALUES('bill-67f61987-9d2e-4c2a-be7c-09957140d0012',null,null,null,null,30,'jx000002',20,40,null,null,null,'报障人员','联系电话','故障性质','现场描述',10,'保养项目',10,null,null,null,null,null,'拒绝原因',null,'服务处理与',null,null,null,'elevator-0ec6347b-81be-459e-8390-384cbfdf6ffe','person67f61987-9d2e-4c2a-be7c-09957140d00001',null);
INSERT INTO WORK_BILLS (ID ,CREATED_BY ,CREATED_DATE ,LAST_MODIFIED_DATE,LAST_MODIFY_BY ,BILL_CATEGORY ,BILL_NUMBER ,BILLSTATUS ,BILL_MODEL ,COMPLETE_TIME ,ENTER_TIME, FAULT_DESCRIPTION,FAULT_PERSON ,FAULT_PERSON_TELEPHONE ,FAULT_QUALITY ,LOCAL_DESCRIPTION ,MAINTAIN_NAME ,MAINTAIN_PROGRAMS ,MAINTAIN_PROPERTY ,PICTURE1 ,PICTURE2 ,PICTURE3 ,PICTURE4 ,PICTURE5 ,REFUSE_REASON ,RESULT ,SERVICE_IN ,START_TIME ,TAKE_STEPS ,TELEPHONE ,ELEVATOR_ID ,MAINTENANCE_PERSONNEL_ID,AFTERBILL_ID)VALUES('bill-67f61987-9d2e-4c2a-be7c-09957140d0013',null,null,null,null,30,'jx000003',30,40,null,null,null,'报障人员','联系电话','故障性质','现场描述',10,'保养项目',10,null,null,null,null,null,'拒绝原因',null,'服务处理与',null,null,null,'elevator-0ec6347b-81be-459e-8390-384cbfdf6ffd','person67f61987-9d2e-4c2a-be7c-09957140d00001',null);
INSERT INTO WORK_BILLS (ID ,CREATED_BY ,CREATED_DATE ,LAST_MODIFIED_DATE,LAST_MODIFY_BY ,BILL_CATEGORY ,BILL_NUMBER ,BILLSTATUS ,BILL_MODEL ,COMPLETE_TIME ,ENTER_TIME, FAULT_DESCRIPTION,FAULT_PERSON ,FAULT_PERSON_TELEPHONE ,FAULT_QUALITY ,LOCAL_DESCRIPTION ,MAINTAIN_NAME ,MAINTAIN_PROGRAMS ,MAINTAIN_PROPERTY ,PICTURE1 ,PICTURE2 ,PICTURE3 ,PICTURE4 ,PICTURE5 ,REFUSE_REASON ,RESULT ,SERVICE_IN ,START_TIME ,TAKE_STEPS ,TELEPHONE ,ELEVATOR_ID ,MAINTENANCE_PERSONNEL_ID,AFTERBILL_ID )VALUES('bill-67f61987-9d2e-4c2a-be7c-09957140d0014',null,null,null,null,30,'jx000004',40,40,null,null,null,'报障人员','联系电话','故障性质','现场描述',10,'保养项目',10,null,null,null,null,null,'拒绝原因',null,'服务处理与',null,null,null,'elevator-0ec6347b-81be-459e-8390-384cbfdf6fff','person67f61987-9d2e-4c2a-be7c-09957140d00001',null);
INSERT INTO WORK_BILLS (ID ,CREATED_BY ,CREATED_DATE ,LAST_MODIFIED_DATE,LAST_MODIFY_BY ,BILL_CATEGORY ,BILL_NUMBER ,BILLSTATUS ,BILL_MODEL ,COMPLETE_TIME ,ENTER_TIME, FAULT_DESCRIPTION,FAULT_PERSON ,FAULT_PERSON_TELEPHONE ,FAULT_QUALITY ,LOCAL_DESCRIPTION ,MAINTAIN_NAME ,MAINTAIN_PROGRAMS ,MAINTAIN_PROPERTY ,PICTURE1 ,PICTURE2 ,PICTURE3 ,PICTURE4,PICTURE5 ,REFUSE_REASON ,RESULT  ,SERVICE_IN ,START_TIME ,TAKE_STEPS ,TELEPHONE ,ELEVATOR_ID ,MAINTENANCE_PERSONNEL_ID,AFTERBILL_ID )VALUES('bill-67f61987-9d2e-4c2a-be7c-09957140d0015',null,null,null,null,30,'jx000005',20,40,null,null,null,'报障人员','联系电话','故障性质','现场描述',10,'保养项目',10,null,null,null,null,null,'拒绝原因',null,'服务处理与',null,null,null,'elevator-0ec6347b-81be-459e-8390-384cbfdf6ffg','person67f61987-9d2e-4c2a-be7c-09957140d00001',null);
INSERT INTO WORK_BILLS (ID ,CREATED_BY ,CREATED_DATE ,LAST_MODIFIED_DATE,LAST_MODIFY_BY ,BILL_CATEGORY ,BILL_NUMBER ,BILLSTATUS ,BILL_MODEL ,COMPLETE_TIME ,ENTER_TIME, FAULT_DESCRIPTION,FAULT_PERSON ,FAULT_PERSON_TELEPHONE ,FAULT_QUALITY ,LOCAL_DESCRIPTION ,MAINTAIN_NAME ,MAINTAIN_PROGRAMS ,MAINTAIN_PROPERTY ,PICTURE1 ,PICTURE2 ,PICTURE3 ,PICTURE4,PICTURE5 ,REFUSE_REASON ,RESULT  ,SERVICE_IN ,START_TIME ,TAKE_STEPS ,TELEPHONE ,ELEVATOR_ID ,MAINTENANCE_PERSONNEL_ID,AFTERBILL_ID )VALUES('bill-67f61987-9d2e-4c2a-be7c-09957140d0016',null,null,null,null,30,'jx000005',50,40,null,null,null,'报障人员','联系电话','故障性质','现场描述',10,'保养项目',10,null,null,null,null,null,'拒绝原因',null,'服务处理与',null,null,null,'elevator-0ec6347b-81be-459e-8390-384cbfdf6ffg','person67f61987-9d2e-4c2a-be7c-09957140d00001',null);
INSERT INTO WORK_BILLS (ID ,CREATED_BY ,CREATED_DATE ,LAST_MODIFIED_DATE,LAST_MODIFY_BY ,BILL_CATEGORY ,BILL_NUMBER ,BILLSTATUS ,BILL_MODEL ,COMPLETE_TIME ,ENTER_TIME, FAULT_DESCRIPTION,FAULT_PERSON ,FAULT_PERSON_TELEPHONE ,FAULT_QUALITY ,LOCAL_DESCRIPTION ,MAINTAIN_NAME ,MAINTAIN_PROGRAMS ,MAINTAIN_PROPERTY ,PICTURE1 ,PICTURE2 ,PICTURE3 ,PICTURE4,PICTURE5 ,REFUSE_REASON ,RESULT  ,SERVICE_IN ,START_TIME ,TAKE_STEPS ,TELEPHONE ,ELEVATOR_ID ,MAINTENANCE_PERSONNEL_ID,AFTERBILL_ID )VALUES('bill-67f61987-9d2e-4c2a-be7c-09957140d0017',null,null,null,null,30,'jx000006',20,40,null,null,null,'报障人员','联系电话','故障性质','现场描述',10,'保养项目',10,null,null,null,null,null,'拒绝原因',null,'服务处理与',null,null,null,'elevator-0ec6347b-81be-459e-8390-384cbfdf6ffg','person67f61987-9d2e-4c2a-be7c-09957140d00001',null);
INSERT INTO WORK_BILLS (ID ,CREATED_BY ,CREATED_DATE ,LAST_MODIFIED_DATE,LAST_MODIFY_BY ,BILL_CATEGORY ,BILL_NUMBER ,BILLSTATUS ,BILL_MODEL ,COMPLETE_TIME ,ENTER_TIME, FAULT_DESCRIPTION,FAULT_PERSON ,FAULT_PERSON_TELEPHONE ,FAULT_QUALITY ,LOCAL_DESCRIPTION ,MAINTAIN_NAME ,MAINTAIN_PROGRAMS ,MAINTAIN_PROPERTY ,PICTURE1 ,PICTURE2 ,PICTURE3 ,PICTURE4,PICTURE5 ,REFUSE_REASON ,RESULT  ,SERVICE_IN ,START_TIME ,TAKE_STEPS ,TELEPHONE ,ELEVATOR_ID ,MAINTENANCE_PERSONNEL_ID,AFTERBILL_ID )VALUES('bill-67f61987-9d2e-4c2a-be7c-09957140d0018',null,null,null,null,30,'jx000007',30,40,null,null,null,'报障人员','联系电话','故障性质','现场描述',10,'保养项目',10,null,null,null,null,null,'拒绝原因',null,'服务处理与',null,null,null,'elevator-0ec6347b-81be-459e-8390-384cbfdf6ffg','person67f61987-9d2e-4c2a-be7c-09957140d00001',null);
INSERT INTO WORK_BILLS (ID ,CREATED_BY ,CREATED_DATE ,LAST_MODIFIED_DATE,LAST_MODIFY_BY ,BILL_CATEGORY ,BILL_NUMBER ,BILLSTATUS ,BILL_MODEL ,COMPLETE_TIME ,ENTER_TIME, FAULT_DESCRIPTION,FAULT_PERSON ,FAULT_PERSON_TELEPHONE ,FAULT_QUALITY ,LOCAL_DESCRIPTION ,MAINTAIN_NAME ,MAINTAIN_PROGRAMS ,MAINTAIN_PROPERTY ,PICTURE1 ,PICTURE2 ,PICTURE3 ,PICTURE4,PICTURE5 ,REFUSE_REASON ,RESULT  ,SERVICE_IN ,START_TIME ,TAKE_STEPS ,TELEPHONE ,ELEVATOR_ID ,MAINTENANCE_PERSONNEL_ID,AFTERBILL_ID )VALUES('bill-67f61987-9d2e-4c2a-be7c-09957140d0019',null,null,null,null,30,'jx000008',30,40,null,null,null,'报障人员','联系电话','故障性质','现场描述',10,'保养项目',10,null,null,null,null,null,'拒绝原因',null,'服务处理与',null,null,null,'elevator-0ec6347b-81be-459e-8390-384cbfdf6ffg','person67f61987-9d2e-4c2a-be7c-09957140d00001',null);
INSERT INTO WORK_BILLS (ID ,CREATED_BY ,CREATED_DATE ,LAST_MODIFIED_DATE,LAST_MODIFY_BY ,BILL_CATEGORY ,BILL_NUMBER ,BILLSTATUS ,BILL_MODEL ,COMPLETE_TIME ,ENTER_TIME, FAULT_DESCRIPTION,FAULT_PERSON ,FAULT_PERSON_TELEPHONE ,FAULT_QUALITY ,LOCAL_DESCRIPTION ,MAINTAIN_NAME ,MAINTAIN_PROGRAMS ,MAINTAIN_PROPERTY ,PICTURE1 ,PICTURE2 ,PICTURE3 ,PICTURE4,PICTURE5 ,REFUSE_REASON ,RESULT  ,SERVICE_IN ,START_TIME ,TAKE_STEPS ,TELEPHONE ,ELEVATOR_ID ,MAINTENANCE_PERSONNEL_ID,AFTERBILL_ID )VALUES('bill-67f61987-9d2e-4c2a-be7c-09957140d0020',null,null,null,null,30,'jx000008',50,40,null,null,null,'报障人员','联系电话','故障性质','现场描述',10,'保养项目',10,null,null,null,null,null,'拒绝原因',null,'服务处理与',null,null,null,'elevator-0ec6347b-81be-459e-8390-384cbfdf6ffg','person67f61987-9d2e-4c2a-be7c-09957140d00001',null);



--报告
INSERT INTO REPORTS  (ID,CREATED_BY ,CREATED_DATE ,LAST_MODIFIED_DATE ,LAST_MODIFY_BY ,COMPLETE_TIME ,DESCRIPTION ,ENTER_TIME ,ENV_AND_SAFE ,FAULT_QUALITY ,REPORT_CATEGORY ,REPORT_NUMBER ,REPORT_STATUS ,REPORT_TIME ,RESOLVE_QUESTION ,RESULT ,SERVICE_ATTITUDE ,SERVICE_LEVEL ,SIGN ,START_TIME ,SUGGESTIONS ,AFTER_BILL_ID ,COMPANY_ID ,ELEVATOR_ID ,MAINTENANCE_PERSONNEL_ID ) VALUES('report-67f61987-9d2e-4c2a-be7c-09957140d0001',NULL,NULL,NULL,NULL,'2016-2-6 15:22:22','DESCRIPTION ','2016-2-6 15:22:22',10,'FAULT_QUALITY',10,'BG000A1',10,'2016-2-6 15:22:22',10,'RESULT ',10,10,'SIGN ','2016-2-6 15:22:22','SUGGESTIONS ','bill-67f61987-9d2e-4c2a-be7c-09957140d0001','company-67f61987-9d2e-4c2a-be7c-09957140d0008','elevator-0ec6347b-81be-459e-8390-384cbfdf6ffc','person67f61987-9d2e-4c2a-be7c-09957140d00001');
INSERT INTO REPORTS  (ID,CREATED_BY ,CREATED_DATE ,LAST_MODIFIED_DATE ,LAST_MODIFY_BY ,COMPLETE_TIME ,DESCRIPTION ,ENTER_TIME ,ENV_AND_SAFE ,FAULT_QUALITY ,REPORT_CATEGORY ,REPORT_NUMBER ,REPORT_STATUS ,REPORT_TIME ,RESOLVE_QUESTION ,RESULT ,SERVICE_ATTITUDE ,SERVICE_LEVEL ,SIGN ,START_TIME ,SUGGESTIONS ,AFTER_BILL_ID ,COMPANY_ID ,ELEVATOR_ID ,MAINTENANCE_PERSONNEL_ID ) VALUES('report-67f61987-9d2e-4c2a-be7c-09957140d0002',NULL,NULL,NULL,NULL,'2016-2-6 15:22:22','DESCRIPTION ','2016-2-6 15:22:22',20,'FAULT_QUALITY',10,'BG000A1',20,'2016-2-6 15:22:22',10,'RESULT ',10,10,'SIGN ','2016-2-6 15:22:22','SUGGESTIONS ','bill-67f61987-9d2e-4c2a-be7c-09957140d0001','company-67f61987-9d2e-4c2a-be7c-09957140d0008','elevator-0ec6347b-81be-459e-8390-384cbfdf6ffc','person67f61987-9d2e-4c2a-be7c-09957140d00001');
INSERT INTO REPORTS  (ID,CREATED_BY ,CREATED_DATE ,LAST_MODIFIED_DATE ,LAST_MODIFY_BY ,COMPLETE_TIME ,DESCRIPTION ,ENTER_TIME ,ENV_AND_SAFE ,FAULT_QUALITY ,REPORT_CATEGORY ,REPORT_NUMBER ,REPORT_STATUS ,REPORT_TIME ,RESOLVE_QUESTION ,RESULT ,SERVICE_ATTITUDE ,SERVICE_LEVEL ,SIGN ,START_TIME ,SUGGESTIONS ,AFTER_BILL_ID ,COMPANY_ID ,ELEVATOR_ID ,MAINTENANCE_PERSONNEL_ID ) VALUES('report-67f61987-9d2e-4c2a-be7c-09957140d0003',NULL,NULL,NULL,NULL,'2016-2-6 15:22:22','DESCRIPTION ','2016-2-6 15:22:22',30,'FAULT_QUALITY',20,'BG000A1',10,'2016-2-6 15:22:22',10,'RESULT ',10,10,'SIGN ','2016-2-6 15:22:22','SUGGESTIONS ','bill-67f61987-9d2e-4c2a-be7c-09957140d0001','company-67f61987-9d2e-4c2a-be7c-09957140d0008','elevator-0ec6347b-81be-459e-8390-384cbfdf6ffc','person67f61987-9d2e-4c2a-be7c-09957140d00001');
INSERT INTO REPORTS  (ID,CREATED_BY ,CREATED_DATE ,LAST_MODIFIED_DATE ,LAST_MODIFY_BY ,COMPLETE_TIME ,DESCRIPTION ,ENTER_TIME ,ENV_AND_SAFE ,FAULT_QUALITY ,REPORT_CATEGORY ,REPORT_NUMBER ,REPORT_STATUS ,REPORT_TIME ,RESOLVE_QUESTION ,RESULT ,SERVICE_ATTITUDE ,SERVICE_LEVEL ,SIGN ,START_TIME ,SUGGESTIONS ,AFTER_BILL_ID ,COMPANY_ID ,ELEVATOR_ID ,MAINTENANCE_PERSONNEL_ID ) VALUES('report-67f61987-9d2e-4c2a-be7c-09957140d0004',NULL,NULL,NULL,NULL,'2016-2-6 15:22:22','DESCRIPTION ','2016-2-6 15:22:22',40,'FAULT_QUALITY',20,'BG000A1',20,'2016-2-6 15:22:22',10,'RESULT ',10,10,'SIGN ','2016-2-6 15:22:22','SUGGESTIONS ','bill-67f61987-9d2e-4c2a-be7c-09957140d0001','company-67f61987-9d2e-4c2a-be7c-09957140d0008','elevator-0ec6347b-81be-459e-8390-384cbfdf6ffc','person67f61987-9d2e-4c2a-be7c-09957140d00001');
INSERT INTO REPORTS  (ID,CREATED_BY ,CREATED_DATE ,LAST_MODIFIED_DATE ,LAST_MODIFY_BY ,COMPLETE_TIME ,DESCRIPTION ,ENTER_TIME ,ENV_AND_SAFE ,FAULT_QUALITY ,REPORT_CATEGORY ,REPORT_NUMBER ,REPORT_STATUS ,REPORT_TIME ,RESOLVE_QUESTION ,RESULT ,SERVICE_ATTITUDE ,SERVICE_LEVEL ,SIGN ,START_TIME ,SUGGESTIONS ,AFTER_BILL_ID ,COMPANY_ID ,ELEVATOR_ID ,MAINTENANCE_PERSONNEL_ID ) VALUES('report-67f61987-9d2e-4c2a-be7c-09957140d0005',NULL,NULL,NULL,NULL,'2016-2-6 15:22:22','DESCRIPTION ','2016-2-6 15:22:22',50,'FAULT_QUALITY',30,'BG000A1',10,'2016-2-6 15:22:22',10,'RESULT ',10,10,'SIGN ','2016-2-6 15:22:22','SUGGESTIONS ','bill-67f61987-9d2e-4c2a-be7c-09957140d0001','company-67f61987-9d2e-4c2a-be7c-09957140d0008','elevator-0ec6347b-81be-459e-8390-384cbfdf6ffc','person67f61987-9d2e-4c2a-be7c-09957140d00001');
INSERT INTO REPORTS  (ID,CREATED_BY ,CREATED_DATE ,LAST_MODIFIED_DATE ,LAST_MODIFY_BY ,COMPLETE_TIME ,DESCRIPTION ,ENTER_TIME ,ENV_AND_SAFE ,FAULT_QUALITY ,REPORT_CATEGORY ,REPORT_NUMBER ,REPORT_STATUS ,REPORT_TIME ,RESOLVE_QUESTION ,RESULT ,SERVICE_ATTITUDE ,SERVICE_LEVEL ,SIGN ,START_TIME ,SUGGESTIONS ,AFTER_BILL_ID ,COMPANY_ID ,ELEVATOR_ID ,MAINTENANCE_PERSONNEL_ID ) VALUES('report-67f61987-9d2e-4c2a-be7c-09957140d0006',NULL,NULL,NULL,NULL,'2016-2-6 15:22:22','DESCRIPTION ','2016-2-6 15:22:22',50,'FAULT_QUALITY',30,'BG000A1',20,'2016-2-6 15:22:22',10,'RESULT ',10,10,'SIGN ','2016-2-6 15:22:22','SUGGESTIONS ','bill-67f61987-9d2e-4c2a-be7c-09957140d0001','company-67f61987-9d2e-4c2a-be7c-09957140d0008','elevator-0ec6347b-81be-459e-8390-384cbfdf6ffc','person67f61987-9d2e-4c2a-be7c-09957140d00001');


--员工维修等级
delete from maintenance_personnel_level_list;
-- INSERT INTO maintenance_personnel_level_list VALUES ('maintenance-personnel-06bab60d-e3b0-4cb2-be06-df573eb07cc1','level-67f61987-9d2e-4c2a-be7c-09957140d0002');
INSERT INTO MAINTENANCE_PERSONNEL_LEVEL_LIST VALUES ('person67f61987-9d2e-4c2a-be7c-09957140d00001','level-67f61987-9d2e-4c2a-be7c-09957140d0003');
INSERT INTO MAINTENANCE_PERSONNEL_LEVEL_LIST VALUES ('person67f61987-9d2e-4c2a-be7c-09957140d00001','level-67f61987-9d2e-4c2a-be7c-09957140d0010');
INSERT INTO MAINTENANCE_PERSONNEL_LEVEL_LIST VALUES ('person67f61987-9d2e-4c2a-be7c-09957140d00001','level-67f61987-9d2e-4c2a-be7c-09957140d0009');

INSERT INTO MAINTENANCE_PERSONNEL_LEVEL_LIST VALUES ('person67f61987-9d2e-4c2a-be7c-09957140d00002','level-67f61987-9d2e-4c2a-be7c-09957140d0001');
INSERT INTO MAINTENANCE_PERSONNEL_LEVEL_LIST VALUES ('person67f61987-9d2e-4c2a-be7c-09957140d00002','level-67f61987-9d2e-4c2a-be7c-09957140d0007');
INSERT INTO MAINTENANCE_PERSONNEL_LEVEL_LIST VALUES ('person67f61987-9d2e-4c2a-be7c-09957140d00002','level-67f61987-9d2e-4c2a-be7c-09957140d0009');

INSERT INTO MAINTENANCE_PERSONNEL_LEVEL_LIST VALUES ('person67f61987-9d2e-4c2a-be7c-09957140d00003','level-67f61987-9d2e-4c2a-be7c-09957140d0002');
INSERT INTO MAINTENANCE_PERSONNEL_LEVEL_LIST VALUES ('person67f61987-9d2e-4c2a-be7c-09957140d00003','level-67f61987-9d2e-4c2a-be7c-09957140d0006');
INSERT INTO MAINTENANCE_PERSONNEL_LEVEL_LIST VALUES ('person67f61987-9d2e-4c2a-be7c-09957140d00003','level-67f61987-9d2e-4c2a-be7c-09957140d0010');

INSERT INTO MAINTENANCE_PERSONNEL_LEVEL_LIST VALUES ('person67f61987-9d2e-4c2a-be7c-09957140d00004','level-67f61987-9d2e-4c2a-be7c-09957140d0004');
INSERT INTO MAINTENANCE_PERSONNEL_LEVEL_LIST VALUES ('person67f61987-9d2e-4c2a-be7c-09957140d00004','level-67f61987-9d2e-4c2a-be7c-09957140d0008');
INSERT INTO MAINTENANCE_PERSONNEL_LEVEL_LIST VALUES ('person67f61987-9d2e-4c2a-be7c-09957140d00004','level-67f61987-9d2e-4c2a-be7c-09957140d0009');

INSERT INTO MAINTENANCE_PERSONNEL_LEVEL_LIST VALUES ('person67f61987-9d2e-4c2a-be7c-09957140d00005','level-67f61987-9d2e-4c2a-be7c-09957140d0003');
INSERT INTO MAINTENANCE_PERSONNEL_LEVEL_LIST VALUES ('person67f61987-9d2e-4c2a-be7c-09957140d00005','level-67f61987-9d2e-4c2a-be7c-09957140d0008');
INSERT INTO MAINTENANCE_PERSONNEL_LEVEL_LIST VALUES ('person67f61987-9d2e-4c2a-be7c-09957140d00005','level-67f61987-9d2e-4c2a-be7c-09957140d0012');

INSERT INTO MAINTENANCE_PERSONNEL_LEVEL_LIST VALUES ('person67f61987-9d2e-4c2a-be7c-09957140d00006','level-67f61987-9d2e-4c2a-be7c-09957140d0002');
INSERT INTO MAINTENANCE_PERSONNEL_LEVEL_LIST VALUES ('person67f61987-9d2e-4c2a-be7c-09957140d00006','level-67f61987-9d2e-4c2a-be7c-09957140d0005');
INSERT INTO MAINTENANCE_PERSONNEL_LEVEL_LIST VALUES ('person67f61987-9d2e-4c2a-be7c-09957140d00006','level-67f61987-9d2e-4c2a-be7c-09957140d0011');

--电梯保养合同关联表
-- INSERT INTO ELEVATOR_UPKEEP_CONTRACT_LIST (ELEVATOR_ID ,UPKEEP_CONTRACT_LIST_ID ) VALUES ('elevator-0ec6347b-81be-459e-8390-384cbfdf6ffc','contract67f61987-9d2e-4c2a-be7c-09957140d00001')
-- INSERT INTO ELEVATOR_UPKEEP_CONTRACT_LIST (ELEVATOR_ID ,UPKEEP_CONTRACT_LIST_ID ) VALUES ('elevator-0ec6347b-81be-459e-8390-384cbfdf6ffc','contract67f61987-9d2e-4c2a-be7c-09957140d00002')
-- INSERT INTO ELEVATOR_UPKEEP_CONTRACT_LIST (ELEVATOR_ID ,UPKEEP_CONTRACT_LIST_ID ) VALUES ('elevator-0ec6347b-81be-459e-8390-384cbfdf6ffc','contract67f61987-9d2e-4c2a-be7c-09957140d00003')
--开票记录
-- INSERT INTO BILLING_RECORD  (ID ,CREATED_BY ,CREATED_DATE ,LAST_MODIFIED_DATE ,LAST_MODIFY_BY ,BILLNO ,BILL_VALUE ,BILLING_DATE ,NAME ,UPKEEP_CONTRACT_ID ) VALUES('billrecord-67f61987-9d2e-4c2a-be7c-09957140d00001',NULL,NULL,NULL,NULL,'BILL0001',1562.7,NULL,'SUDA','contract67f61987-9d2e-4c2a-be7c-09957140d00001');
-- INSERT INTO BILLING_RECORD  (ID ,CREATED_BY ,CREATED_DATE ,LAST_MODIFIED_DATE ,LAST_MODIFY_BY ,BILLNO ,BILL_VALUE ,BILLING_DATE ,NAME ,UPKEEP_CONTRACT_ID ) VALUES('billrecord-67f61987-9d2e-4c2a-be7c-09957140d00002',NULL,NULL,NULL,NULL,'BILL0002',1562.7,NULL,'SUDA','contract67f61987-9d2e-4c2a-be7c-09957140d00001');
--收款记录
-- INSERT INTO COLLECTING_RECORD  (ID ,CREATED_BY ,CREATED_DATE ,LAST_MODIFIED_DATE ,LAST_MODIFY_BY ,BILL_NO ,COLLECTING_VALUE ,COLLECTION_DATE ,UPKEEP_CONTRACT_ID ) VALUES('collecting-67f61987-9d2e-4c2a-be7c-09957140d00001',NULL,NULL,NULL,NULL,'BILL0001',562.7,NULL,'contract67f61987-9d2e-4c2a-be7c-09957140d00001');
-- INSERT INTO COLLECTING_RECORD  (ID ,CREATED_BY ,CREATED_DATE ,LAST_MODIFIED_DATE ,LAST_MODIFY_BY ,BILL_NO ,COLLECTING_VALUE ,COLLECTION_DATE ,UPKEEP_CONTRACT_ID ) VALUES('collecting-67f61987-9d2e-4c2a-be7c-09957140d00002',NULL,NULL,NULL,NULL,'BILL0001',1562.7,NULL,'contract67f61987-9d2e-4c2a-be7c-09957140d00001');
-- --保养合同开票记录表
-- INSERT INTO UPKEEP_CONTRACT_BILLING_RECORD_LIST  (UPKEEP_CONTRACT_ID ,BILLING_RECORD_LIST_ID  ) VALUES('contract67f61987-9d2e-4c2a-be7c-09957140d00001','billrecord-67f61987-9d2e-4c2a-be7c-09957140d00001');
-- INSERT INTO UPKEEP_CONTRACT_BILLING_RECORD_LIST  (UPKEEP_CONTRACT_ID ,BILLING_RECORD_LIST_ID  ) VALUES('contract67f61987-9d2e-4c2a-be7c-09957140d00001','billrecord-67f61987-9d2e-4c2a-be7c-09957140d00002');
-- --保养合同和收款记录
-- INSERT INTO UPKEEP_CONTRACT_COLLECTING_RECORD_LIST   (UPKEEP_CONTRACT_ID ,COLLECTING_RECORD_LIST_ID   ) VALUES('contract67f61987-9d2e-4c2a-be7c-09957140d00001','collecting-67f61987-9d2e-4c2a-be7c-09957140d00001');
-- INSERT INTO UPKEEP_CONTRACT_COLLECTING_RECORD_LIST   (UPKEEP_CONTRACT_ID ,COLLECTING_RECORD_LIST_ID ) VALUES('contract67f61987-9d2e-4c2a-be7c-09957140d00001','collecting-67f61987-9d2e-4c2a-be7c-09957140d00002');

--保养合同与电梯表
--  INSERT INTO UPKEEPCONTRACT_ELEVATOR (UPKEEPCONTRACT_ID ,ELEVATOR_ID ) VALUES('contract67f61987-9d2e-4c2a-be7c-09957140d00001','elevator-0ec6347b-81be-459e-8390-384cbfdf6ffc');
--  INSERT INTO UPKEEPCONTRACT_ELEVATOR (UPKEEPCONTRACT_ID ,ELEVATOR_ID ) VALUES('contract67f61987-9d2e-4c2a-be7c-09957140d00002','elevator-0ec6347b-81be-459e-8390-384cbfdf6ffe');
--  INSERT INTO UPKEEPCONTRACT_ELEVATOR (UPKEEPCONTRACT_ID ,ELEVATOR_ID ) VALUES('contract67f61987-9d2e-4c2a-be7c-09957140d00003','elevator-0ec6347b-81be-459e-8390-384cbfdf6ffd');
--员工登录计时
INSERT INTO MAINTENANCE_LOGIN_RECORD (ID ,CREATED_BY ,CREATED_DATE ,LAST_MODIFIED_DATE ,LEAVE_TIME ,LOGIN_TIME ,STATUS,MAINTENANCE_PERSONNEL_ID) VALUES('loginrecord-0ec6347b-81be-459e-8390-384cbfdf6ffc',CURRENT_TIMESTAMP,NULL,NULL ,CURRENT_TIMESTAMP,CURRENT_TIMESTAMP,10,'person67f61987-9d2e-4c2a-be7c-09957140d00001');

--版本信息
INSERT INTO APP_VERSION (ID ,CREATED_BY ,CREATED_DATE ,LAST_MODIFIED_DATE ,LAST_MODIFY_BY ,CONTENT ,DOWNLOAD_URL ,IS_NEW ,VSERSION_NUMBER )  VALUES('version-0ec6347b-81be-459e-8390-384cbfdf6f01',NULL ,NULL,NULL,NULL,'版本一','www.download.com',0,'1.1');
INSERT INTO APP_VERSION (ID ,CREATED_BY ,CREATED_DATE ,LAST_MODIFIED_DATE ,LAST_MODIFY_BY ,CONTENT ,DOWNLOAD_URL ,IS_NEW ,VSERSION_NUMBER )  VALUES('version-0ec6347b-81be-459e-8390-384cbfdf6f02',NULL ,NULL,NULL,NULL,'版本二','www.download.com',1,'1.2');